FLCN,1040,1048.8,745.5,785.7,1085.1,938.8,957,932.7,986,949.9,805.1,803,1058.4,1051.7,1022.5,924,1226.8,1227.8,
TLR4,30.1,29.5,49,41.9,52.6,45.3,8.9,2.7,11.6,23.6,47.8,50.6,67,72.3,5.7,8.5,29.1,22.4,
AMER2,3.7,1,2.5,3.1,3.7,1.6,3.6,3.9,5.8,6.3,3.1,0.4,4.7,5.8,3.4,2.8,1.1,1.2,
RTP1,0.5,0.4,0.5,0.6,0.6,0.4,1.1,0.6,0.2,0.6,0.3,0.1,0.3,0.3,0.3,0.8,0.3,0.4,
RTP1,2.6,0.3,1.9,2.6,0.9,3.3,0.5,2.2,3,3.5,0.2,1.6,3,4.2,2.8,3.3,2.3,0.9,
ADAT3,7.2,5.4,6.4,6.7,6.7,5.6,7.1,8.3,9.3,7.2,4.7,7.3,4.5,3.8,5.8,12.7,5.6,0.5,
ADAT3,23.9,18.8,21.2,19.5,21.6,22.8,16.1,20.8,20.7,18.1,17.5,26.5,16.3,26.6,17.1,21.7,16.5,31.3,
TK1,820.4,857.5,811.3,817,882.6,858.2,871.3,807.8,792.8,779.5,820,783.7,697.6,809.7,855.2,1024.4,505.4,422.1,
CTNNB1,69,68.7,59.2,56.1,38.6,37,75.7,75.1,27.6,53.4,70.9,67.2,55.4,41.2,55,72,71.6,74,
DPYD,2.5,1.7,0.2,0.2,0.2,0.3,0.3,0.2,0.5,2,0.4,1.2,0.8,0.7,1.6,0.2,0.5,0.2,
DPYD,2.6,2.4,2.1,2.2,0.8,0.4,1.9,1.6,0.9,1.2,0.9,0.4,0.2,1,1.8,1.7,0.3,2.3,
TYMS,684,638.2,643.1,614.6,734,778.1,673.1,661.9,390.2,422.1,667.4,621.8,632.2,688,605.9,675.4,324.2,256.4,
PTGS2,0.3,0.5,0.9,0.1,0.2,0.4,0.4,0.2,2.6,0.3,0.3,0.1,0.4,0.1,0.2,0.2,0.2,0.1,
TTLL3,10.5,4.7,2.6,3.3,3.9,3.3,0.8,2.6,1.1,4.6,1.3,5.6,7.5,6.7,2.7,3.3,1.6,3.1,
TTLL3,6.5,7,9.3,4.3,5.5,10.8,7.9,10.5,8.1,6.8,7.8,3.5,6.1,11.1,4.9,7.4,12.9,11,
PDCD4,4,5.8,5.6,5.6,4.2,4.5,3.6,2.9,6.1,3.7,1.2,4.5,4,5.5,4.4,5.8,3.7,6.7,
FN1,12.2,10.1,10.3,7.7,17.6,6.1,8.9,5.1,9.1,12.6,9.7,10.4,11.6,13.8,7.1,5.6,13.4,14.3,
KRAS,13.8,10,41.7,34.2,6.7,9,37.2,35,14.6,16.4,37.4,38.4,8.2,8.3,37.9,35.2,12.4,15.7,
KRAS,16.1,22.9,59,57.8,14,12.1,53.5,57.9,22.4,20,64.6,62.8,11.4,12.9,62.6,59.2,29.5,22.7,
CRABP1,0.4,0.5,1,0.2,3.3,5.4,0.4,4.7,0.5,1.5,0.2,1.4,3.1,0.2,0.4,3.3,1.1,0.4,
EGFR,4.6,2.8,6.4,4.1,4.1,0.5,6,4.7,0.4,1.4,6.1,10.6,5.1,2.8,5.9,3.6,3.9,1.9,
EGFR,2.9,2.3,4.6,5,4.1,2.9,5,0.1,0.5,3.7,4.5,6.4,2.7,1.8,4.1,3,1.6,3.7,
FUT6,2,2.2,3.1,1.4,2.4,2.6,3.1,1.8,3,2.4,1.5,1.8,2.6,1.7,2.8,2.3,3.1,3,
FUT6,0.7,2,2.8,1.4,0.4,3.8,1.6,0.4,1.2,0.1,1.2,3.2,1.9,0.8,0.6,0.5,0.6,1.2,
FUT6,0.9,3.5,4.9,3.9,3.3,5,2.5,0.5,1.3,2.2,2.8,1.5,0.4,0.5,3.2,4.2,0.7,4.1,
SMAD4,0.1,1,1.1,0.1,0.1,0.6,1.8,1.3,1.4,0.9,0.1,2,0.1,0.1,0.3,0.3,0.2,0.2,
SMAD4,0.2,2.1,2.7,2.4,2.4,1.4,3.5,2.4,3,1.4,0.1,1.2,2.3,1.2,3.3,1,2.7,2.7,
MMP2,0.3,0.3,0.5,0.3,0.9,0.3,1.6,3.9,1,0.3,0.8,2.4,0.3,0.2,1.5,0.4,1,0.5,
MMP2,3,0.8,1.2,1.1,2,1.2,1.6,1.6,2.5,1.1,0.7,1.4,1,0.8,0.7,1.7,1.3,1.2,
EREG,4.2,4.8,8.9,11.2,7.2,4.6,2.6,1.2,3.4,2.2,10.8,9.9,1.5,10,3.5,1.1,6.3,6.4,
LASP1,1839.9,1699.9,1813.1,1931.8,1762.1,1775.4,1566.7,1799.8,1837.8,1711.9,1927.8,1909.4,1838.8,1779.6,1727.4,1705.4,1616.8,1647.5,
GSN,412.9,289.7,327.2,357,292.9,256,338.2,267.3,287.7,359.2,365.8,377.5,312.9,341.7,339.5,313.5,480.8,430.5,
MAPRE1,421.4,470.1,532.7,508.9,511.1,489.8,494.1,487.8,456.5,457.8,506.8,503.9,451.8,472.5,465.7,469.5,433.7,463.5,
MAPRE1,1862.7,1704.6,1862,2145.8,1899.1,2026.5,1911.6,2306.2,1889.6,1818.6,2160,2097.7,2203,2021.9,2155.3,2134.6,1691,1815,
ODC1,1479,1362.1,1575.8,1749.6,1953.8,1936.5,1657,1628.9,1303.5,1493.6,1719.9,1747.3,1701.9,1727.9,1605.1,1649.9,1356.6,1236,
GSTP1,2112.1,1991.3,2099,2171.8,2257.6,2200.4,2205.8,2367.7,2071.6,2267.9,2113.9,2158.2,2332,2234.9,2425.7,2295.6,1987.4,2044.5,
STAT1,1246.1,1273.4,1492.2,1468,1293.4,1283.4,1027.2,1185.3,1691.7,1196.2,1231.1,1358.8,1273.2,1193.4,1172.9,1182.6,1305.9,1435.4,
MMP2,79.7,72.5,102.9,82.7,76,83.9,53.4,49.6,61,55,71.5,65.3,46.2,56.1,81.3,40.1,53,67.5,
CDH1,11.6,11.8,18.6,12.9,7.4,8.7,15.6,17.4,10.8,12.4,11.2,19.7,8.4,10.5,12.8,13.3,25.1,17,
CDH1,1130.8,1121,1211.1,1294.6,690.7,734.9,1458.2,1495.2,1600.9,1604.8,1312.6,1324.9,721.6,747.3,1464,1369,1455.8,1507,
TIMP3,184.3,162.4,165.6,187.4,91.8,92.7,214,201.1,113,149.3,166,160.3,72.4,75.2,183.3,173.1,98,92.5,
TIMP3,344.3,378.8,335.5,353.2,167.4,149.8,428.9,377.3,235,293.4,297.1,309.6,144.5,160,349.9,384.9,209.4,192,
TIMP3,55.1,38.3,45.3,44.8,24.7,21,55.8,53.3,52.3,53.4,45.2,43.8,18.7,15.9,36.9,53.2,30.4,21.8,
TIMP3,303.3,265.1,213.5,220.6,94.8,99.4,366.8,361.4,253,268.5,218.6,212.6,77.3,96.8,320.6,345.4,118.3,109.7,
NQO1,964.6,821,898.7,841.7,761.9,763.9,884.3,841.5,951.6,1019,778.6,861,939.3,908.5,846.4,932.4,843.8,857.8,
NQO1,1612.3,1624.9,1537.3,1652.1,1285.9,1341.1,1567.3,1758.8,1532.6,1455.8,1672.5,1610.5,1550.9,1574,1650.7,1626.9,1509.1,1599.3,
CTNNB1,2718,2660.6,2799,3052.4,2555,2781.2,2457.6,3354.3,2791.6,2515.9,2869.7,3060.8,3035.2,2703.3,2993.3,2803.9,2479,2760.8,
NME1,1728.1,1519,1591.2,1697.6,2075.2,1964.1,1534.7,1658,1402.7,1479.5,1776.9,1732.5,2009.5,2080.9,1695,1698.1,1391.7,1520.5,
TIMP1,1087.6,1077.6,1192.1,1275.1,1256,1297,917.7,1016.7,1051.9,925.5,1276.6,1143,1344,1374,903.7,1019.6,934.5,931,
TP53,2399.3,1910.2,2002.4,2021.9,2229.7,2453,2253.7,2557.2,2332.4,2505.7,2171.9,1826.4,2233,2379.8,2519.6,2304.5,1857.5,1960.9,
SLC29A1,54.4,51.9,40.8,57.2,79,61.4,54.3,44.1,39.9,50.1,54.3,46.6,63.2,71.5,43.1,56.7,41.5,32.5,
SLC29A1,373.2,306.8,313.5,313,485.1,441.7,399.9,314.2,302.8,318.9,355.3,305.9,407.6,474.3,345.4,414.6,303.4,279.6,
EPCAM,2352.7,2204.1,2453.7,2519.5,2411.1,2615.8,2219.3,2659.2,2492.5,2405.7,2455.7,2442.6,2578.9,2519.5,2516,2441.5,2068.7,2221,
BNIP3,1.5,0.8,4.3,0.8,2.2,1,0.9,0.9,0.8,0.5,0.7,1.2,0.9,0.7,1.4,3.2,1.6,2.3,
BNIP3,3.9,4.1,5.7,0.4,2.5,1.1,1.5,1.4,3.4,0.9,2.4,3.5,2.9,5.4,3.6,2.3,5.8,5.8,
CEACAM5,2.3,0.3,4.2,5.3,3.4,1.2,1.8,0.7,3.6,3.4,0.7,4.5,2.9,1.7,1.6,2.5,0.2,0.7,
EGFR,158.1,184.3,306,329.4,264,269.7,169.5,132.3,196.4,229.6,281.2,327.9,204.6,294.2,152.6,155.4,202.2,193.8,
EGFR,172.1,174.5,337.9,358.1,323.9,317.4,219.2,185.2,200.3,222.2,345.7,341.1,276.4,312.6,175.7,172,180.8,198.5,
PTPN12,1110.2,926.3,984.9,1087.6,1374,1154.9,639.2,786.9,734.2,768.4,1146.2,1166.7,1329.8,1299.9,872.8,638.6,948.1,958.7,
BIRC5,1007.6,1039.3,845.2,792.7,1016.7,976.8,947.8,1015.6,1000,841.5,817,761.7,878.4,879.3,946,1054.4,671.7,725.7,
BIRC5,2198.4,2106.5,2091.8,2083.5,2104.4,2205,2104.8,2424.1,2016.5,1931.7,2158.9,2072.9,2291.7,2141,2203.9,2344.9,1718.9,1772,
AMFR,73.2,77.2,83.9,102.6,60.9,82.7,124.3,129.1,49.2,78.4,104.7,111.3,81.9,73.8,92.1,75.5,90.8,103.5,
AMFR,50.7,46.2,45.9,41,48.4,45.1,50.1,44.4,67.4,53.4,46.9,45.4,44.3,46.1,40.1,48.9,57.7,50.2,
EP300,732.5,820.8,648.9,631.3,780.7,820.2,849.8,720.9,855.9,855.2,638.3,737.6,877.6,858.2,853.6,683,973.7,1003.6,
CTSH,63.4,53,61.6,60.6,46.5,46.8,61.3,58,86.5,69.7,54.1,46.3,42.4,37.4,70.2,58.1,86.9,82.8,
UNG,1458.6,1413.2,1343.1,1410.4,1530.2,1536,1337,1366.1,1108.1,1014,1352.3,1380.9,1378.9,1396.3,1365.5,1332.6,768.5,771.4,
TK1,632.4,596.6,584.9,582.8,568.1,579,581.9,610.1,556.3,580.5,552.9,551.5,529.1,563.4,590.3,683.3,362.9,317.5,
IFI27,33.4,15.6,34.6,33.3,38.1,23.4,28.8,29.2,51.8,50.9,35.4,32,29,23.8,23.1,26.3,59.5,53.9,
CYP1B1,1.6,5.2,2.5,2.1,2.7,6.7,4.3,2.5,4,1.9,5,3.2,2,3.9,0.4,3.2,1.7,2.4,
CYP1B1,5.5,5.5,7.2,5.2,3.6,3.1,10.3,10.9,6.7,10.9,6.2,9.2,1.1,3.3,15.8,10.8,11.4,10.1,
CYP1B1,16.7,10.7,11.6,9.7,10.5,12.4,19.9,25.8,21.3,21.8,12.7,9.7,6.1,9.2,22.4,30.7,26,21.3,
CYP1B1,25.1,21.1,24.3,12.8,10.3,10,44.9,40.3,42.3,32.3,20.8,13.2,11.7,10.9,45.2,51.4,57.3,52.8,
MLH1,544.6,539.7,463.5,455,527.6,510.6,517.2,503.1,452.8,486.3,509.9,460.6,464.4,457.9,492.7,506.2,425.8,404.3,
SMAD4,2.2,3.1,1,2.7,2.7,3,2.6,3.9,2.7,0.5,2.5,2,2.1,3.4,1.1,2.7,4.9,2.6,
SMAD4,13.9,12,10.7,9.4,15.4,12.9,17.5,12.2,15.5,19.2,8.5,15,20,18.8,10.4,17.1,18.4,19.4,
AIMP1,1242.1,1202.9,1311,1331,1440.5,1449.8,1369.6,1479.7,1121.8,1217,1477,1357.2,1432.6,1397.8,1376.7,1332,1247.6,1297.1,
AIMP1,695.1,689.2,705.4,723.3,931.3,928.1,705.8,665.4,851.2,885.5,706.9,695.6,830.2,901.9,653.7,723.3,824.1,773.8,
GSTM3,5.9,8.3,7.9,5.4,7.2,4.5,5.4,5.9,6,6.2,7.8,5.6,5.1,3,7.5,7.3,11.2,6.9,
TYMS,1670.5,1597.8,1590.6,1746.8,1826.5,1863.8,1551.6,1749.3,1238.3,1175,1642.1,1649.6,1613.5,1629.3,1649.3,1754.1,975.6,936.4,
NRAS,364.7,376.2,459.8,514,364.7,417.1,470.9,459.7,365.8,421.5,497.7,500.3,441.3,422.5,362.5,419.2,424.8,459.9,
UMPS,632.1,638.7,681.4,705.2,780.5,776,611.5,668.2,660.2,636,686.3,645.9,630.2,678.9,635.2,645,448.2,465.4,
UMPS,54.2,43.9,56.9,62.4,63,47.3,33.4,41.7,57.6,54.7,40.2,54.1,53.3,47.8,35.9,52,49.6,34.7,
PDCD4,78.1,63.1,43.4,42.9,40.5,50.7,64.5,43.9,67.5,67.4,47,38.6,37.5,26.8,50,59.6,48.6,45.4,
PDCD4,57.8,57.8,41.3,43.8,31.1,36.5,53.3,46.4,55.4,54.4,34.2,34.8,34.2,33.7,41.1,44.3,42.3,44.7,
PHKB,353.2,361.1,309.6,318.1,302.5,275,280.1,294.1,432.2,440.4,287.3,249.4,211.8,238.7,280.7,322.7,456.4,419.2,
PHKB,135.9,135.2,120.4,113.4,112.3,106.7,124.9,106,205.8,188.6,110.3,111,95.8,104.7,128.3,129.4,161.5,181.6,
MSH6,1717.8,1568.8,1561.6,1677,1806.9,1862.5,1684.7,1802.7,1571.3,1468.6,1645.1,1688.1,1670.6,1709.6,1893.3,1730.6,1106.9,1088.8,
FPGS,160.1,151,153,159.3,140.4,172.5,147,152.4,196.5,187.9,140.3,148.3,128.3,152.3,153,161.6,143.2,129.5,
CHSY1,804.7,863.6,1112.1,1138.1,870.9,928.2,1045.8,1103.3,784.7,784.3,1125.5,1180.4,1009.9,914.6,1035.6,953.4,845.6,900.2,
SMAD2,653,637.1,551.3,580.3,567.3,598.2,585.1,559.1,616.1,654.1,562.6,575.8,668.3,645.3,579.6,537.1,697.9,741,
SMAD2,298.5,265,241.8,234.9,277.5,267.5,245.9,243.8,293.3,312.9,243.4,225.7,234.5,245.3,233.4,263,281.8,291.4,
SMAD2,160.2,165.9,142.8,134.8,127.5,151.2,118.5,106.7,168,156.3,114.9,126.6,137.6,127.1,115.5,139,189.4,175.4,
S100A4,2900.3,2603.4,2605.3,3010.6,2897.1,2833.9,2865,3250.1,2764.6,2757.7,2897.5,2812.8,2974.9,3015.6,3056.5,2895.4,2526.3,2570.8,
MTRR,115.2,124.6,160.6,152.7,147.1,146.9,119.6,130.4,98.1,126.4,167,151.1,126.7,127.2,104,123.5,95.6,100.6,
MTRR,1619.3,1520.8,1763.4,1834.5,1861.8,1773.1,1617.9,1654.7,1448.8,1392.3,1799.4,1725.5,1626.8,1579,1684,1587.7,1296.8,1361.7,
POLD1,47.3,39.3,37.4,30.3,50.5,39.8,37.3,40.6,42.2,41.2,41.3,27,40.3,37.3,37.5,53.8,22.3,17.1,
MET,143.8,194.4,174.4,158.4,389.8,417.3,154.5,156.2,353.2,294.4,146.4,159.1,421.5,432.4,157,170.5,315.2,382.4,
APC,176.8,195.8,116.4,132.9,162.9,175.8,194.7,159.4,164.5,204.3,132.7,151.2,188.2,174.9,193.6,159.3,283.1,253.7,
APC,87.1,78,68.9,60.3,80.7,84.8,106.2,82.9,66.2,105.3,73.6,74.6,99.6,99.2,95.2,80.3,141,125,
APC,39.8,54,34.7,47,39.1,38.9,55.7,54.1,59.2,59.3,50.3,37.2,73.1,69.9,57.1,48.5,82.7,89.3,
PTTG1,1827.5,1757.2,1682.8,1845.1,1893.7,1906.9,1834,2121.6,1775.1,1750.1,1852,1821.3,1875.9,1930.3,1993.7,1951.9,1639.5,1627.6,
SULT1A1,419.7,364,341.6,368.7,265.8,250.7,359.3,355.7,467.6,454,352.9,334.1,224.3,308.9,345.6,403.2,415.7,378.4,
IGF1R,161.4,180.8,152.6,161.3,134.1,140.1,95.1,70.7,133.9,133.4,130.3,129,128.5,124.2,83.4,88,104.5,123.1,
IGF1R,50.6,60.3,48.3,47.9,36.4,33.4,46.2,26.8,43.1,29.7,49.4,55.7,22.2,32.3,44.8,34.2,27.8,27.8,
FGFR2,400.2,467.2,244.7,240.5,129,150.8,1491.8,1430.5,1035.3,922.5,232.1,214.3,82.2,95.2,1184.1,1186.7,420.9,407.7,
FGFR2,22.8,21.3,14,15.6,10.5,15.8,96,105.6,54.9,62.4,11.2,16.6,9.1,5.1,76.8,76.7,21.5,22.6,
PLA2G2A,8.5,10.4,11.5,5.7,4.3,6.6,4,4.6,8.9,13,6.9,2.8,6.8,4.9,5.5,8.9,6.8,6.8,
XRCC1,552.8,504,397.9,377.4,545.3,492.7,508,514.8,534.7,507.1,417,414.3,475.9,544.3,507.4,541.1,485.1,426.9,
COX5A,3009.1,2877.9,2720.9,2965.8,3112.2,2988,2833.2,3210.2,2967.2,2917.7,2920.1,2961.8,3124.6,3037.3,3088.4,2956.4,2465.3,2416.5,
TTLL3,6.9,4.7,9.7,9.7,7.9,2,8.5,7.3,9.2,8.5,1.6,2,1.8,3.4,1.5,17.2,5.2,2.2,
VEGFB,44,25.7,54.1,38.2,35.6,40.9,46.9,42.8,54.5,50.1,35.1,21.5,29.5,35.3,44.2,32.1,38.7,32.2,
BCL2,0.3,0.5,0.4,0.6,0.5,0.3,0.3,0.5,0.3,0.2,0.2,0.5,0.5,0.6,0.4,0.2,0.2,0.5,
BCL2,13,15.6,13.6,8.8,20.6,18.3,15.8,15,11.7,10.8,7.5,8.8,28.9,27.2,13.4,14.5,10.9,12.7,
ERCC1,541.6,477.6,515.7,550.4,654.3,717.7,454.6,573.6,505.7,493.4,603.4,517.4,718.4,681.3,472.1,515.4,447.9,512.7,
ERCC1,625.9,581.8,683.7,673.4,852,869.2,537.4,548,647.9,653.6,694.6,660.2,903.9,909.4,556.2,571.9,531.5,579.4,
BAK1,81.4,96.9,111.6,103,114.8,87.6,78.4,70.4,114.8,128.8,94.1,99.5,85.4,106.1,82,104.4,108.2,95.5,
BUB1B,720.9,833.4,575.8,523.9,760.7,846.9,661.9,670.9,618.2,578.1,559.5,560.3,800.5,756.1,654.8,659.7,591.5,562.8,
GSTT1,317.8,307.1,281.6,252.6,265.8,274.7,290.1,274.9,299.2,346.4,305.3,258.9,274.6,259.1,374.1,323.2,316.6,297.5,
MMP11,2.3,1.1,6.7,0.7,1.6,1.9,1.2,2,1.6,1.8,1.1,1.5,1.8,1.2,3.8,9.8,13.3,2.6,
MMP11,2.6,1.6,1.1,0.6,0.4,0.3,2.5,3,3,1,0.4,0.8,0.5,0.6,2.4,1.6,0.9,4,
MMP11,8.8,8.6,1.4,7.4,1.6,10.4,7.4,6.3,25,19.7,8.3,6.1,5.5,9.1,8,5.1,23.5,21.4,
GSTA1,0.6,0.6,1,1.8,1.1,0.4,0.3,1.1,1.7,1,0.2,0.5,1.6,0.4,0.8,1.5,0.3,1.3,
KDR,0.7,0.2,2.9,0.5,1.7,1,1.6,6.5,0.3,2,1.8,0.3,0.3,0.3,3.7,2.5,2.2,1.2,
MMP9,9.9,6.7,21.9,13.5,22.4,21.7,9.7,15.3,13.3,12.8,17.7,22.4,47.1,52.8,12.8,10.6,14.5,13,
KRAS,2008.7,2195.3,2122.2,2201.4,2207.1,2076.2,2378,2705.3,2285.8,2153.1,2266.3,2352.4,2290.6,1918,2505.8,2161.8,2030.5,2199.3,
KRAS,798.4,605.4,620.4,697,696,639.8,834.6,866,719,880.5,651,785.4,684.8,683.8,830.3,748.8,661.2,791,
AURKA,2301,2055.2,2003.9,1940,2238.5,2323.6,2195.6,2459.8,2226.8,1963.2,1938.4,2018.3,2314.4,2222.4,2277.8,2227.2,1837.1,1970.4,
RUNX3,150.7,136,123.7,118.9,139.2,132.2,76.5,68.9,138.3,134.1,148.3,159.3,175.1,172.2,107.1,100,239.3,232.5,
RUNX3,86.7,83.4,69.8,66.7,70.6,73.6,43.8,36.2,102.8,97.1,90.9,101,85.6,95.3,50.3,57.7,146.6,133.8,
VDR,20.8,21.2,11.5,15,17.1,19.1,12.5,12.2,12.3,19.4,14.4,17,16.6,21.2,11.3,15.6,14.1,10,
VDR,1217.6,1112.3,1030.9,1014.7,1070.5,1116.8,608.2,611.4,807.4,851,1191.3,1156,1445.5,1407.5,638.1,681.7,1044.5,1115.2,
VDR,89.1,58.7,74.1,69.5,73.6,83.8,49.9,40,64.3,59.2,85.5,92.4,77.9,105.9,40.3,59,68.9,73,
MMP7,1.2,7.4,8.3,11.7,6.4,7.3,7.8,10.8,13.2,15.8,1.3,5.4,8.3,9.6,6,10,15.9,17.3,
LGALS4,1.1,6.3,3.8,3.6,5.4,4,5.6,2.1,5.8,2.8,3.5,1.1,4.2,2.2,4.2,4.7,2.4,5.9,
COL11A1,6.5,5.4,2.1,0.8,2.6,0.7,0.3,0.3,1.8,3,0.4,2.8,1.6,4.1,0.4,2.8,3.6,0.3,
NF1,23.4,25.2,19.4,22.7,23.4,33.2,28.2,16,43.4,34.2,21.4,22.1,26,27.8,18.2,18.4,28.3,23.2,
NF1,12.4,15.8,16.9,12.3,13.7,13.5,16.5,12.8,14.9,11.8,15.8,14.6,16.5,23,12.8,14.1,18,21,
PIK3CA,277.5,269,244.2,240.4,249.3,232.1,242.8,214.2,283.1,264.2,249.1,247.4,267,264.7,216.4,197,242.2,230,
FGFR3,175.2,172.7,131.2,121.5,101.2,89.3,326.4,303.6,263.9,231.4,138.2,135.6,74.4,81.1,353,373.2,169.1,154.1,
FGFR3,5.8,5,5.1,5.3,5,1.3,3.4,4.6,6.7,4.3,5.1,3.8,5.5,4.6,2.8,5.6,4.4,5,
EDNRA,0.2,0.1,2.7,1.6,1,0.2,0.1,0.1,0.1,0.2,0.3,2.1,0.2,0.8,0.1,0.2,1.4,0.4,
EDNRA,2.2,2.2,3.7,4.1,4.3,0.7,4.7,4.8,3.4,1,0.5,0.4,0.4,2.9,3.2,3.9,4.9,3.6,
MMP1,0.5,2.7,0.4,4,5.1,1.1,2,0.3,0.2,0.3,1.6,0.5,1.3,5.3,0.3,3.1,0.5,0.6,
BRCA1,399.1,404,320.5,310.4,426.1,454.2,388.8,353,261.5,301.3,297.8,350.4,418.3,395.3,344.2,339.3,206.3,193.8,
UGT1A1,643.6,580.2,468.8,462.8,403.1,410.3,707.3,830.2,931.6,962.2,414.1,421.1,359.5,349.8,769.7,743.1,932.6,959.2,
GSTM1,253.5,263.1,250.8,227.2,205.3,168.8,249.4,233.7,182.8,231.9,221.4,220,191.8,188.4,154,249.5,211.6,163.5,
MMP12,1,0.3,4.5,1.5,1.6,0.2,1.8,1.6,1.8,0.3,2.4,1.6,0.1,1.7,2.8,1.8,1.5,0.5,
EXO1,378.2,402,331.5,356.2,457.5,477.8,345.4,354.3,235.5,278.1,339.5,343.7,410.7,464.9,362.2,356.6,151.1,129.9,
DPYD,1.6,1.3,0.6,1.3,1.3,1.7,2.9,0.1,0.8,1.2,3,0.1,0.4,0.7,1.1,0.1,1.1,1.5,
MUC2,0.5,0.8,3.7,1.1,0.7,0.4,0.6,1,1,0.8,0.6,0.8,1.7,1,4.7,5.3,3.8,0.9,
EPHB6,92.5,81.1,99.8,90.8,72.8,72.2,59.8,51.7,63.7,43.1,96.2,100.1,86.3,94.7,71.2,73.2,65.3,58.6,
PTGS2,10.9,14.4,12,7.1,4.3,3.6,1.5,3.9,0.2,0.2,8.1,11,5.4,4.5,4,4.4,5.8,4.9,
NUDT1,285.4,271.4,292.6,276.3,285.7,257.2,267.1,274.9,269.2,269.5,271.3,271.9,285.4,280.5,311,345.5,238.7,213.4,
SMAD7,417.9,499.2,477.1,453.8,411.6,435.2,583.3,525.8,420.9,431.5,428.5,452,446.4,401.5,496.7,492.9,426,440.8,
TYMP,5.5,3.2,1.5,3.9,1.6,0.4,3.9,0.5,1.1,0.7,2.9,0.8,1.1,8.1,0.5,1.9,4.5,0.7,
MGMT,110,110,123.6,77.7,105.7,92,116.2,87.8,116.8,101.8,85.3,118.8,90.9,114.1,98.6,110.2,111.1,86.2,
TLR2,20.7,21.1,21.7,19,12.8,15.9,14.7,26.5,33.4,40,16.1,11.3,11.2,16,23.3,26.7,21.7,20.1,
NF2,158.5,138.1,160.8,162.2,215.8,211,132.8,127.6,180.5,177.6,151.1,151.1,112.8,130.4,131.1,132.8,107.8,118.1,
RARB,5.4,7.8,3.7,0.7,3.6,1,1.3,4.8,6.1,0.6,4.2,4.8,4.2,0.5,8,4.4,3.6,4.7,
CA9,9.4,1.6,3.3,6.9,7.7,3.3,3.7,2.8,6.1,11.1,10.9,5.5,2.3,4.5,7.6,8.8,6.8,1.2,
PDGFRL,8.3,13.4,9.5,11.8,4.2,8.5,10.4,13.6,16.3,14.1,5.8,5,4.8,6.3,14.5,12.5,15.3,16.6,
AREG,36.1,29.6,362,304,85.2,118.5,32.9,34.4,15.7,21.4,319.9,312.6,121,134.2,32.5,46.4,31.2,35.4,
OGG1,148.9,111.6,85.5,62.5,126.2,107.5,81.4,97.6,137.3,148.3,75.1,73.1,132.8,120.5,115.1,99.8,118,142.1,
CRABP1,63.2,53.2,60.2,41.7,55,43.7,84.4,51.8,73,81.6,52.1,51.6,41,46.7,67.1,68.4,65.3,68.3,
MRE11A,339.5,353.1,297.4,296.1,336.6,302.3,304.2,294.6,228,227.9,289.4,286,311.3,298.2,289.5,296,232.9,188.9,
SMAD3,6.1,6,15,11.6,3.9,6.2,5.9,15,5.4,6.3,10.5,16.9,6.5,7.5,6.4,5.3,5.8,9.9,
SMAD3,21.4,13.7,35.2,41.2,18.1,18,21.3,19.3,25,24,34.3,44.1,12.7,17.6,17.7,21,20.4,23.1,
SMAD3,114.4,103.3,235,244.7,111.2,104.4,114.9,116.1,160,158,221.6,227,96.3,90.2,121.3,109.9,125.4,125.5,
PLAU,36,34,302.6,346.2,102.2,124.1,191.8,199.3,55.9,66.8,424.7,479,113.9,130,278.9,275.5,74.1,75.8,
ANGPT2,1.7,0.3,2,0.4,2.9,2.5,2,3.3,0.3,2.6,3.5,6.4,0.3,0.9,1.9,5.9,2,2.3,
WRN,352.9,352.8,325.6,311.3,353.8,330.9,396.7,360.6,312.3,315.8,353,314.3,337.6,364.2,335.3,327.5,336.6,313.7,
CDS1,151.3,161.8,164.9,149.9,178.9,164.7,188.8,159.8,191.2,243.9,140.7,161.5,192.7,180.6,210.1,179.1,232.1,216.4,
CYP1A1,12.1,8.6,4.6,2.7,3.6,4.4,11.1,5.8,5.8,6.9,0.9,0.7,2.2,0.8,12.3,12.7,1,6.2,
OGG1,86.5,79.8,73,78.3,64.5,50.1,70,82.5,99.2,79.7,59.1,65.1,47,60,72.6,86.7,93.7,101.5,
EREG,57.3,65.3,635.7,630.5,207.6,200.5,76.2,69.8,18.5,18.1,680.9,672,291.7,291.8,80.3,91.7,68.1,66.1,
FOLH1,2.7,5.6,6.9,2.7,2.1,3.6,0.5,7.2,7.1,6.9,2.4,3.7,5.4,4.8,0.2,0.6,5.2,9.8,
FABP1,0.4,0.3,0.5,0.3,0.3,0.2,0.3,0.3,0.7,0.3,0.2,0.2,0.2,0.2,0.3,0.4,0.4,0.3,
EPHA1,28.8,21.4,24.8,18.2,19,19.5,17.1,13.4,21.9,27.9,21.7,17,17,23.4,15.2,14.4,13.4,18.1,
BRAF,87.4,65.9,67.6,88.7,78.3,75.2,79.8,72.1,93.8,96.5,64.2,74.8,85.1,84.6,70.2,71,77.3,79.9,
EPHA3,1.9,1,0.6,0.3,0.1,0.9,1.7,2.6,1.1,0.1,0.2,1,1.5,0.7,0.4,0.3,0.2,0.1,
EPHA3,9,5.7,7.7,6.8,5.5,5.3,4.6,1.7,6.4,5,4,3.9,6.4,5.2,5.9,0.9,1.6,4.9,
PTPRR,0.8,0.2,3.8,3,1.6,2.5,2.5,1.5,1.5,1.2,3.3,2.9,3,0.3,2.8,0.3,2.8,2.4,
MCC,19.8,19.3,22.9,24.1,18.6,23,17.1,18.5,18.3,20.7,25.8,26.9,31.7,29.3,16.3,18.5,31.6,26.9,
BMP6,13.2,17.2,26.2,20.4,19.6,20,14.3,14.9,10.2,6.2,24.6,22.6,29,20,13.7,13.7,9.2,12.1,
ADH1C,9,5.1,1,5.9,3.5,4.5,4.4,3.5,9.8,4.8,5,0.4,0.7,1.9,6.8,3.4,6.2,6.9,
GUCY2C,0.4,1,2.5,0.7,0.3,1.2,0.4,0.6,1,0.9,0.6,0.9,1,5.1,0.6,1.4,1,0.7,
CDX2,54.8,55.3,21.5,15.3,19.8,21.6,68,63.7,114.9,113,27.8,27.6,48.6,48,80.2,99.8,225,259.9,
TIAM1,167.1,194.7,142.8,135.5,145.8,122.3,112.5,69.3,95.4,88.8,172.6,193.7,208.3,246.8,97.5,109.3,169.8,147.9,
CDX1,6.7,6.4,11.5,4.4,5.3,1.7,6.5,4.2,10.2,1.9,5.4,4,6.1,14.4,1.9,5.5,4.8,1.2,
GLI1,8.3,5.9,9.5,3.6,8,0.7,7.6,9.1,8,7.6,6.6,3.1,7.3,5.7,7.9,9.1,9.3,9.7,
BCL2L1,187.6,180.5,225.9,239.5,185.2,155.6,121.8,129,128.7,167.3,223.2,193,159.8,163.1,125.4,104,95.6,99,
TEK,0.5,0.4,0.4,0.3,0.2,0.1,0.2,0.2,1.4,0.6,0.2,0.2,0.2,1.1,0.3,0.3,0.4,0.4,
APOC4,15.5,15.3,15.2,11.8,7.1,16.7,10.6,11.5,15.3,7.6,9.7,10,10.7,14.3,9.4,12.5,11.9,17.1,
FIGF,3.2,4.2,4,3.9,3.7,5.5,5.9,3.9,4.3,2.5,4.1,2.9,3.1,1.3,3,0.6,4.7,8.7,
ERBB4,4.4,0.8,0.5,2.7,0.7,1.8,0.6,3.2,0.6,0.3,0.3,2.1,0.6,1.1,1.3,0.8,1.7,0.5,
NAT2,0.3,0.8,0.4,0.1,0.4,3.1,2.3,0.3,0.8,0.6,0.6,1.4,0.4,0.3,0.5,0.8,1.7,0.4,
MTHFR,5.9,11,8.9,9.1,6.3,3.3,7.9,9.8,12.2,8,5.5,4.2,12.9,9.9,10,7.8,7.2,8.5,
GUCY1A2,2.6,3,0.5,0.6,2.2,0.9,0.5,0.4,3.3,0.7,0.6,2.7,2.9,0.3,0.7,2.7,2.7,0.5,
DCC,0.3,0.1,4.2,2.6,0.4,0.7,0.1,5,0.5,1.4,1.7,1.9,2.2,0.9,2.3,0.5,2.9,1.4,
TGFBR1,10.4,8.9,13.5,12.6,7,4.4,6.4,6.1,12.3,4.5,15.2,13.9,7,9.2,9.9,8,8.6,6.8,
CST4,1071,1077,794.6,1192.7,800.3,1231.1,1465,1714.8,1504.2,1068.3,1231.9,1011.4,980.4,1219.7,1442.8,1365.3,1218.7,1059.7,
BCL2,8.4,13.6,20.4,11.7,13.4,16.1,10.2,16.3,11.3,13.1,13.3,25,16.8,12.3,15.7,14.3,11.8,9.5,
BCL2,9.2,2.4,3.1,2.5,1,1.4,3.1,1.3,1,1.3,3.9,0.7,6.1,9.8,1.4,1.2,1.2,3.5,
CDKN2A,184.8,175.3,163.4,140.2,150.5,153,181.9,197.1,211.8,218.4,161.3,169.3,138.9,163.9,202,202.3,168.6,222.4,
SLC16A7,0.1,0.2,0.2,0.3,0.2,0.3,0.3,4.2,0.3,0.2,2.6,0.1,0.8,0.2,0.4,0.2,0.1,0.2,
HDC,0.5,0.7,2.7,0.2,0.5,0.3,0.4,1,0.5,0.3,0.3,0.4,0.3,0.5,0.3,0.2,0.3,0.8,
UGT1A1,580.4,567.1,436.5,460.2,364.5,406.6,663.2,672.1,961.9,887.6,419.5,395.1,283.2,314.5,619.8,688.5,833.4,932.3,
AKT1,798.5,777.7,727.1,734.5,765.3,793.6,781.5,748.1,644.4,684.2,735.2,730,806.6,767,740.1,784.2,658.3,651.4,
DEFA4,1.7,1.4,5.6,1.2,1.6,7,5,1.2,5.4,1.1,2.9,1.4,1.9,7.4,2.6,5.3,3.1,2.1,
MAGEA1,0.8,3.3,1.5,1.1,0.6,1.1,3.5,1.1,1.2,5.2,2.3,1.3,0.6,3.3,1,0.8,4.1,1.2,
ALOX15,0.6,0.7,3.1,4.1,0.8,0.4,1.2,9.4,2.3,2.3,3,3.6,2,3.5,4.8,4.6,3.1,3.5,
TGFBR2,10.3,7.5,18.1,18.9,10.6,12.2,5.4,7.3,11.2,5.5,11.3,10.8,9.8,13.3,8.9,5.9,10.7,9.9,
CYP2D6,5.6,6.6,5,4.2,2.8,2,5.1,4.9,3.2,3,3.9,4.1,5.1,5.4,4.7,5.5,5.6,12,
GUCA2B,0.3,0.3,0.5,0.4,0.4,0.8,0.6,0.4,0.4,0.3,0.3,0.3,1.1,0.5,0.5,0.6,0.7,0.7,
CD46,73.9,66.1,84.3,74.7,77,70.3,71.2,75,41.3,41.8,93.3,80.7,103.3,96.2,68.4,72.2,66.1,61,
CYP1A2,32.3,27.6,34.5,34,18.8,27.2,22.6,20,47.1,31.3,10,25,28.7,21.8,34.4,35.1,36.8,40.5,
CYP1A2,2.8,2.5,2.5,1.8,0.9,1.3,4.9,0.4,2.3,0.9,0.6,0.6,3.7,0.7,2.6,0.7,1.1,2.9,
MUTYH,74.5,66.2,67.2,59.3,83.7,80.6,92.7,74.8,87.7,82.6,69.9,65.2,61.7,94,76.4,80.8,57.3,55.1,
PROS1,88.3,90.2,77.8,66,52.5,50.9,82.7,85.9,77.4,88.1,79.2,71.7,64.5,70.1,89.2,85.1,105.3,116.6,
FGFR1,6.8,3.8,6,4.5,3.6,7,3.1,1.3,6.6,5.6,4,4.6,5.4,4.9,3.9,4.3,6.9,10.6,
CACNA1G,37.5,39.4,58.5,40.1,25,26.3,30.8,31.7,26.4,23.2,42.3,42,30.7,31.3,30.8,35.9,30.7,29.2,
FGFR1,13.2,11.5,14.9,8.8,13.6,3.9,13.6,13.3,14,3.6,10.7,9.1,8.9,4.3,5,8.2,8.2,13,
PPARD,53.5,50.6,61.1,61.8,43.4,58.1,41.6,49.2,35.2,40.2,56.6,55.8,63.4,62.6,45,45.5,45.4,63.8,
AURKA,2614.5,2333.1,2119.4,2267,2497.4,2679.7,2496.5,2816.6,2302.5,2163.7,2276.1,2349.5,2611.4,2433,2716.4,2456.6,2031.1,2166.7,
AURKA,1259.1,1191.5,942.2,842.5,1265.5,1247.1,1037.4,1195.3,1163.1,1088.9,1014.3,955.8,1190.3,1192.3,1146.3,1201.1,1016.4,1014.6,
FGFR2,4.3,0.7,0.8,7.7,0.8,0.3,0.9,3.8,1.3,6,0.7,0.7,4.1,2.1,1.9,0.8,0.8,4.8,
FGFR2,122.8,135.6,82.3,85.6,46.4,51,568.2,533.4,288.7,357.9,60.6,65.2,35,37.9,408,402.1,138.1,132.9,
FGFR2,955.6,991.7,894.9,926.2,1035,906.9,806.9,877.4,1050,995.1,983.2,886.6,954,970.5,858,867,935.5,908.1,
FGFR2,0.7,1.9,0.8,0.5,1.1,0.7,9.2,4.3,1.4,1.5,1.1,1.7,0.5,0.6,7.9,3.9,0.8,1,
RARB,2.8,1.7,4.8,1.1,0.7,1.2,1.5,1.3,1.3,1.4,1.2,1.8,1.5,0.8,1.4,1.5,0.6,1,
IGF1R,0.5,1.8,0.7,0.6,1.3,2.1,4.4,0.9,0.6,0.5,0.5,0.6,0.7,1.4,2.7,1.9,0.7,1.4,
BAX,167,170.1,141.4,144.3,189,136.3,144.4,142.4,119.2,119.5,152,129,167.7,181.2,135.3,152.2,149.9,139.2,
HIST1H2BM,14.1,28.5,23.6,17.2,19.2,23.8,15.2,26.9,22.3,12.7,16.7,15.3,18.4,18.5,19.7,38,15.9,18.6,
RARB,2.8,2.5,4,2,4.5,0.5,6.2,1.2,0.4,0.4,4.3,1.8,0.4,0.4,1.5,0.3,1.7,0.6,
WNT1,1.5,2.5,1.2,3.6,1.5,1.6,1.2,4.8,1.6,0.6,3.1,1.6,5.1,1.5,1.6,3.4,3.7,4,
OR1E2,0.7,0.3,0.7,0.4,0.2,0.8,0.4,0.5,1.9,0.6,1.4,2.3,0.4,0.3,0.6,5.2,0.5,0.5,
PARP1,500.3,483.3,470,528.3,668.9,621.3,416.5,364.2,417.5,508.8,462.9,473.1,473,496.3,489,389,448,453.7,
TKT,1011.1,844.8,834.3,883.2,919,966.1,792.6,857.1,863.7,987.1,881.9,899.5,907,892.2,896.2,967,880.3,749.1,
TKT,1549.8,1426,1347.4,1452.9,1548,1498,1359.8,1396.9,1454.6,1548.5,1456.8,1399.9,1451.3,1476.4,1451.7,1536.8,1402.8,1314.4,
CCND1,625.6,640,808.9,793.8,621.3,599.1,382,358.2,260.9,314.7,792.6,753.5,467.9,479.1,359,371.8,217.9,194.4,
CCND1,2148.4,2156.5,2491.7,2484.6,2278.3,2332.4,1845.3,2122.9,2130.6,1882.5,2344.4,2450.6,2340.3,2336.3,2003.7,1911.2,1466.5,1604.3,
CD46,1422.3,1309.7,1467.3,1442.2,1313.4,1406.2,1383.2,1496.1,872.2,964,1505.1,1455.8,1577.2,1472.4,1433,1304.4,1106.1,1093.1,
TOP1,1237.4,1106.7,1292.9,1315,1280.7,1423.3,1101.3,1107.3,1109.2,1239.1,1337.6,1255.2,1396.8,1488.8,1127,1191,1051.4,1063,
TOP1,1405.1,1570.3,1638.2,1700.1,1684.7,1706.6,1331.4,1514.7,1126.4,1274.3,1775.4,1835.4,1917.7,1645.2,1376.6,1333.2,1449.8,1532.8,
TGFBR2,595.8,495,886.2,880,773.9,774.9,338.8,371.2,366.8,441.6,893.5,897.5,838.3,761.1,342.8,295.3,538.2,527.3,
CDKN1B,1081.5,1081.8,681.7,687.4,914.3,917.6,1074,1056.6,1141.1,998.7,650.3,658.2,913.7,873.5,921.8,933.3,1016.7,1076.5,
MSH2,684.6,677.3,582.4,607.7,702.9,703.7,607.9,598.7,467.2,482.2,568.7,580.7,735.4,654.6,572.2,570.2,388.3,368.9,
EPHB2,137,149.1,92.8,108.8,129.6,118.3,125.1,88.3,165.8,164.1,132.7,122,114.3,148,122.7,125.4,173.6,144.1,
EPHB2,103.3,85,78.2,71.6,75.3,84.2,79.3,72.8,80.6,92.5,70.2,71.1,68.6,78.9,84.1,78.3,98.4,97.4,
BUB1,883.2,840.5,717.6,654.3,896,945.3,723.4,737.7,737.3,710.9,661.6,738.7,873.8,839.7,725.2,785.6,702.4,671.4,
PLD2,25.7,19.7,23.7,20.6,22.2,14.9,21.7,19.2,40.7,39.6,22.6,20.6,17.6,21.3,27.9,20.5,37.3,32.8,
CDKN2A,326.9,320.1,297.3,292.1,269.2,250.4,322,327.9,347,316.4,299.6,276.9,270.6,291.7,328.2,345.6,307.7,288.8,
CES2,138,147.7,113.1,115.3,139.3,141.3,127.1,123.2,183.3,203,106.1,121.3,129.3,120,137.9,122.7,189.9,197.8,
CES2,64.3,58.6,49.9,49.9,64.7,46.2,49.9,33.9,87,75,68.1,45.9,45.3,47.3,56.6,52.8,72.9,59.5,
PTS,631.3,594.5,648.6,668.5,631.2,673,636.4,640.1,618.2,608,698.5,620.6,581.6,619.4,657.9,658.9,566.1,520.9,
HOXB13,15.3,11.1,10.3,3.4,4.8,7.9,4.5,3.5,16,21.8,7.1,5,7.4,7.9,10.3,4.1,17,11.3,
VEGFC,4.6,6.6,2.3,3,3.1,3,2.7,0.6,3.5,3,0.3,0.7,5.5,4.3,5.5,4.9,5,5.5,
STAT1,82.6,103.4,101.9,103.5,81.4,82.6,82.4,79.4,88.1,84.4,95.6,89.1,82.4,74.4,73.5,71.8,92.5,89.1,
CYP2E1,4.8,6.7,7.7,5.5,4.1,5.5,5.4,7.7,11.7,6.6,4.2,5.3,4.8,3.2,10.8,4,8.5,6.4,
CYP2E1,6.5,6,7.7,4.3,5.9,5.9,6.5,5.3,6.7,12.1,6.9,6.1,4.1,5.4,8.4,2.6,8.2,6.5,
SOCS1,6.9,10,8.4,14.6,9.7,14.4,7.1,13.6,10.6,13.8,14.5,9.7,14.1,13,10.7,11.8,8.9,11.7,
SOCS1,0.6,0.4,0.8,0.7,0.4,0.9,0.3,0.8,0.4,0.3,0.3,0.3,0.4,0.3,0.9,0.7,0.4,0.4,
SOCS1,69,46.1,39.8,39.1,34.5,34,55.8,59,74.5,72.5,34.3,32.1,29.9,25,44.4,50.3,54.8,47.9,
TPX2,1191.5,1074.3,922.2,971.4,1220.5,1221.1,1025.7,1096.6,1109.4,1073.1,952.5,950.6,1101.9,1136.4,1010.6,1036.5,914.7,893.5,
IGFBP3,1299,1298.3,1303.6,1377.6,1230.5,1279.6,934.6,935.4,1023.5,938.8,1502.4,1473.6,1655.2,1622.8,1051.2,1029.5,1099.8,1102.6,
TTLL3,8.5,6.3,10.1,6.8,9.6,6.3,6.5,4.2,5.6,6.9,6.6,10.4,5.8,8.7,10.6,7.7,6.3,11.6,
PLA2G4A,3.7,3.2,0.4,2.6,1.6,0.4,3.2,2.6,0.8,0.1,3.5,2.7,2.9,0.2,3,3.5,0.6,2.9,
PTPRJ,38.9,37.9,27.9,23.2,27.5,26,14.9,15.6,16.2,17.1,25.5,29.7,26.3,21.1,18,11.8,25.2,25.7,
XDH,2.9,4.8,4.2,3.1,6.4,6.8,2.4,3.4,3.4,4.1,5.2,3.9,3.6,6.7,4.8,5.2,5.1,5.1,
BIRC5,253.9,268.4,229.4,213.5,262.5,247,241.7,251.8,190.1,193,229.4,218.5,248,215,215.8,239,195.1,206.8,
SSNA1,263.1,295.6,256.1,234.2,260.1,261,270.4,234.6,319.9,298.3,224.6,213.6,243,245.4,233.4,275.9,241.4,223.1,
CACNA1G,2.6,2,1.4,1.3,3.8,1.9,1.2,2.1,5.1,1.1,0.4,2.2,1.4,3.7,1.8,4.4,5.9,4.2,
CCKBR,4.6,6.2,3.5,4.4,1.2,3.9,4,5.1,2.4,3.9,3.7,2.4,2.8,5.8,6.4,1.4,1.2,4.8,
FUT6,5,1.2,2.2,0.9,3.2,2.1,0.9,0.7,2.1,1.3,0.8,0.9,0.9,14.8,2.2,5.1,0.8,0.6,
FUT6,4,7.2,4.9,9.8,5.9,6.6,5.9,8.3,4.7,7.8,5.3,5,5.6,6.1,5.2,7.4,5.7,7.9,
CHEK2,241.2,221.3,153.8,154.6,186.5,179.6,215.9,184.2,126,125.4,175.7,155.8,163.9,154.6,190.9,205.3,162.8,157.6,
FN1,628.1,517,492.8,546.5,421.2,443.2,566.1,494,381.7,415.6,517.1,552.6,487.3,480,577.4,513.3,651.6,619.5,
VEGFA,166,167.2,153.5,194.3,108.9,117,182.8,256.8,180.6,255,184.2,246.9,155.2,116.7,274.8,284.9,207.4,222.8,
VEGFA,19,12.9,18.9,10.1,15.9,19.6,14.1,19.2,16.3,14.8,13.1,11,13.2,9.7,12.2,13.5,18.6,18.5,
HNF1A,12.5,5.4,12.1,8.9,8.7,10.6,12.3,9.4,1.9,2.8,10.4,1.7,5.9,10.2,2.1,14.7,2.2,15.3,
NQO1,1391.7,1173.5,1296.4,1302.5,1105.3,1233.3,1244.7,1383.5,1345.8,1311.1,1325.3,1307.5,1390.6,1266.8,1377,1355.5,1257.1,1235.1,
NF1,199.3,205.6,230.6,229.1,131.8,136.9,234.9,219.7,145.9,163.4,223,229.7,157.6,162.8,215.9,203.3,217.9,218.9,
PPARD,10.3,8.1,14.5,15.5,9.8,12.1,10.9,9.1,8.5,9.7,11.3,9.4,13,11.9,8.7,6.4,5.7,2.7,
EPHB2,21.4,16.6,17.3,22,17,18.8,17.5,22.3,26,21.1,16.3,24,21.8,23.7,25.7,30.8,26.7,26.7,
PTPRR,3.9,3.5,7.3,3.6,3.2,2.3,5.4,3.3,2.1,5.2,7.4,1.2,5.5,4.1,5,5.1,5.7,5.3,
DLC1,85.7,91.8,167,171.8,136.4,142.7,61.2,41.6,53.8,48.6,150.4,130.7,92.4,114.1,37.3,38.1,54,42,
NF2,38.8,34,36.9,33.7,46.9,49.2,31.3,37.7,42.2,43.8,31.5,34.3,33.7,35,40.2,39.1,33.6,35.9,
SLC16A7,0.8,1,3,2.6,0.7,2.1,0.5,1.6,1.3,0.2,0.3,1.7,1.3,0.5,0.4,0.7,0.3,3.9,
PLAUR,387.3,304.9,1427.1,1376.4,755.4,790.9,822.9,753.9,685.2,763.3,1402.2,1442.6,767.1,809,823.6,843,423.9,402.5,
LEF1,27.4,33.6,23.3,32.6,29,31.2,28,20.1,17.8,33.2,29,39.7,42.3,40,22.7,30.4,48.6,37.4,
FGFR1,20.9,19.3,25.2,24.4,20.2,20.3,21.5,21.9,29.7,23.3,27.4,25.6,9.3,17.5,19.5,19.2,24.7,18.8,
EGFR,36.2,28.1,51.9,60.3,50.1,53.2,32.3,16.5,45,39.4,62.8,61.9,39.4,43.9,23.9,19.2,29.8,17.9,
NF2,40.1,38.4,38.3,40.8,51.1,61.7,38.1,26.5,42.2,46,38.2,34.9,33.1,36.5,32.9,43.7,29.3,26.8,
NF2,63.5,59.3,75.3,73.2,97.4,83.3,60.3,56.4,82.8,79.4,65.1,86.5,52.5,58.2,66.8,56.9,56.5,44.3,
NF2,20.5,25.1,29.7,22.4,34.9,38.1,24.6,27.5,25.4,33.8,25.3,26.3,18.2,29.3,21.1,22.2,20.2,18.6,
NF1,62.6,62.1,66.3,60.2,28.1,51.5,56.4,46.3,58.8,61.1,33.6,58.7,60.2,51.9,56.4,49.7,66.7,69.3,
NF1,5.7,6.6,8.5,7.1,2.6,5.7,3.5,5.8,11.3,6.5,8.7,6.3,4.5,4.8,4.8,4.6,8.5,7.8,
ANGPT2,5.4,9.7,1.7,5.5,5.7,5.4,6.9,2,1.9,2.1,1.9,4,4.2,8.9,1.1,2.5,1.4,7.5,
CDKN2A,1.8,0.8,0.8,0.6,0.7,0.3,0.4,0.8,1.2,0.9,1.3,0.6,0.5,0.5,0.4,0.4,0.3,1.2,
EPHA3,0.3,0.2,1.3,1.4,0.1,1.5,0.1,1.4,1.2,1.5,0.1,0.2,3.8,0.5,1.9,2.5,3.1,1.5,
EPHB2,26.9,28.2,29.9,23.5,22.3,39.5,28.9,18.4,40.9,32.2,28.9,22.6,14.1,28.2,33.3,22.3,36.9,18.4,
TP53,184.8,214.8,200.8,213.2,203.1,189.5,246.9,257.1,173.9,208,239.9,215.3,197.1,207.5,175.7,217,191.9,179.5,
CACNA1G,0.7,1.1,3.9,1.1,0.6,0.9,3.5,0.9,1.9,1.7,1.1,1.1,1,0.8,5,0.9,4.2,1.2,
CACNA1G,7.3,10.1,10.1,12.3,5.3,2.6,7.7,9.5,12.3,12.9,1.7,12.1,14.7,6.4,9.2,6.9,6.9,10.1,
MRE11A,1.9,1.3,4.3,2.3,3.8,2,4.4,3,5.3,3,3.3,2,6.1,3.6,1.3,0.3,4.3,4.7,
IFNA2,0.4,1,0.3,0.2,2.4,2.3,1.6,2.8,2.6,0.4,0.2,0.6,3.2,0.9,0.6,2,0.8,0.4,
FGFR2,0.6,7.2,1.3,8.7,6.1,0.5,3.8,0.9,0.6,3.1,0.9,0.2,0.9,1.4,0.6,1.3,4.2,0.8,
FGFR2,2.6,4.1,5.2,4.2,0.7,3.5,3.1,2.8,4.6,3.6,0.5,0.7,3.4,4.8,1.7,4.2,3.7,7,
FGFR2,2.8,0.8,0.6,0.4,0.4,0.3,0.8,2.6,0.7,2.2,0.5,0.4,0.4,0.5,0.3,1.9,0.5,0.6,
FGFR2,5.8,7.3,6.9,4.4,2.4,0.9,36,26.7,16.1,18.2,3.7,2.5,0.5,0.7,18.5,23.8,3,7.2,
MSH6,1.8,3.1,4.1,4.4,2.3,1.8,3.4,2.2,0.5,0.8,2.1,4.5,1.9,0.3,0.1,0.4,3.5,3.5,
MSH6,374.9,361.9,343.1,317.1,375.1,410.3,367.8,331.4,277.5,308.4,340.9,300.8,343.9,352.7,342.6,364.4,199.5,154.7,
FUT6,6.2,5.7,12.9,8.2,5.8,7.5,9.5,5.1,11.1,5.5,5,5,9,6.9,6.8,8.3,6.3,9.6,
VEGFA,1.5,2,1.2,3,3.8,2.8,10.6,2.1,1.1,8.5,4.9,10.6,3,8.5,6.3,8.7,4.7,3.4,
FGFR1,90.6,89.8,95.3,68.4,69.7,78.5,68.2,57.8,110,80.3,60.8,71.2,48.2,46.5,67.6,83.3,87.8,101.5,
EGFR,1.6,0.6,1.2,1.1,1.4,1.1,2,2.8,0.8,2.9,0.8,1.7,2.6,4,0.7,3.7,3.9,4.9,
EGFR,11.5,12,15.6,26.6,15.9,12.6,9.5,11.9,7.7,12.6,11.4,13.4,5.1,13.2,9.7,6.9,14.2,14.8,
CD46,60.9,58.1,69.3,62.6,63.8,60.2,64.9,58.9,38.1,37.4,71.4,66.8,73.3,68.4,55.5,65.1,53.7,45.7,
MET,3.2,3.7,11.5,6.5,5.9,8.1,9.2,4.2,0.7,5.6,3.5,6.4,9,5.6,5.3,6,8.3,4.1,
EGFR,32,29.1,50.7,61.2,55.4,51.2,31.6,31.4,42.3,42.3,54.6,63.7,49.7,48.2,40.9,26.4,33.6,36.7,
PLAU,9,5.5,80.3,79.4,12.8,24.1,41.5,33,13.7,17.5,97.4,95.8,21.3,23.2,52.4,73,11.2,10.9,
BBC3,10,16.3,10.4,13.4,4.6,5.2,12.2,7.8,15.9,11.6,7.6,12.7,6.3,7.3,13.7,9.7,14.3,8.8,
FN1,863.2,758.3,701.7,766.1,711.5,813,858.3,770.9,502,659.6,776.1,796.6,757.5,818.1,799.7,710.3,783.5,737.4,
CACNA1G,9.8,7.6,11.3,8,6.7,10.3,9.8,4.5,7.5,8.3,0.4,7.6,7.8,8,8.7,10.8,8.9,1.9,
BAX,436.3,598.1,508.7,409.7,478.1,456.1,428.9,374.5,416.2,330.1,403.8,417.9,467.7,471.7,393.5,447.6,457.7,543,
BRCA1,55.9,47.8,53.5,42.1,58,51.7,56.2,54.8,38.4,44.9,40.3,44.4,44.7,54.4,59.7,38.4,23.9,24.3,
FUT6,5.6,1.1,6.2,0.8,1.2,1.7,2.8,1.1,6.8,2.2,0.8,0.8,5.3,2.8,1.5,1.5,6.2,1.2,
FUT6,13.9,14.2,11.4,9.6,3.9,9.5,8.9,6.7,9.8,13.4,7,8.7,11.4,11.6,4.8,11.4,7.6,3.8,
NF1,23.8,23.1,20.6,17,16.6,33.7,28.3,10.9,40.2,28.2,21.2,24.5,28.5,26.2,18.9,19.5,30,26.2,
PLAUR,222.8,196.7,874.8,889.8,477.4,462.5,537.1,482.8,400.9,414.8,942.3,904.3,437.8,494.1,506.3,471.9,246.6,212.8,
IGFBP3,585.6,533.7,569.2,599.2,546.7,538.9,452.7,394.1,353.5,339.3,688.8,739.1,873.5,863,452.8,399,467,474.3,
VEGFA,81.9,74.8,82.7,60.7,54.8,59.5,86.4,84,69.1,73.7,81.4,73.8,67.6,54.5,88.3,83,76.1,72.8,
BCL2L1,706.6,905.4,901.9,1016.9,793.5,749,450.5,482.7,801.2,764.4,788.8,853.7,543.1,655.9,408.3,482,410.1,378.4,
FN1,765.3,724.6,673.1,730.6,511.5,556.4,693.3,574.1,502.5,563.9,610.4,704.4,612.6,631.4,680.6,618.5,854.4,810.5,
PDCD4,832.3,864.9,628.9,661.5,583.5,514.2,709,656.6,886.5,774.7,624.7,593.2,507.8,544.8,670.1,715.3,664.5,644.9,
PDCD4,196.3,219,193.8,189.8,129.7,117.9,182.5,208.8,194.6,196.5,182,150.1,120.2,115.7,173,192,168.6,185.6,
NF1,913.4,978.1,911.2,868.1,1013.2,1075.8,957.1,826.3,917.6,995.9,942.7,1050.5,1144.4,1090.6,906.3,784.2,1131.1,1130.6,
NF1,236.8,337.3,232.3,198.9,262.5,267.8,217.3,188.2,187.4,232.5,269.3,320.5,379.7,333,233.6,197.8,421.6,400,
TCF7L2,107.3,134.9,96.2,90.4,110.6,86.1,93.6,78.6,115.2,121.1,106.1,100.1,144.7,163.1,83.6,87.9,166.4,129.8,
TCF7L2,1125.9,1176.3,1102.9,1012.3,1127.1,1191,988.3,1096.1,1305.6,1217.3,1124.2,1113.1,1313.4,1280.8,1025.2,986.2,1316.5,1397.7,
TCF7L2,56.1,63.8,50.4,44.1,50.1,52.8,40.2,39.2,72.8,77,50.7,52.7,66.1,74.8,34.3,44.6,91.4,80,
HRAS,281,273.9,301.4,284.9,359.1,335.2,280.1,284.2,336.1,328.9,287.1,278.6,349,321.4,268.3,286.2,240.9,272.2,
TIAM1,784.5,791,734.1,756,719.6,791.2,435.6,386.6,470.3,418.5,817.5,869.4,1044.2,1000.2,447,415,862.6,838.7,
SOCS1,131.9,122.4,67.4,90.9,78.8,81.4,114.1,94.2,154.8,208.1,68.9,64.8,67.8,62.3,77.7,110.6,124.8,102.6,
ERCC2,49.2,36.9,51.9,48.4,40.2,44.6,46.1,52.1,59,64.3,43.2,41.4,29.6,43.8,49,55.5,50,40.9,
CES2,127.1,141.9,115.3,142.5,137.9,111.3,129,114.7,198.4,165.9,123.3,125.7,99,114.1,112.3,123.3,162.2,182.8,
HSD17B8,137.2,127,139.5,117.9,148.6,123.4,176.4,178.7,268.3,240.3,125.3,106.5,103.9,118.4,148.4,170.2,190.7,196.1,
EP300,248.3,296.8,187.5,205.3,241.5,254,272.8,211,262.3,300.4,215.4,247.6,267.2,280.4,271,208.1,347.5,308.2,
MMP11,1.4,2.2,2.3,5.6,3.9,3.1,5.8,4.9,10.7,8.3,4.5,1.8,3.6,4.7,6.9,8.4,11.8,6,
VDR,64.2,71.3,54.9,44.8,47.9,49.9,23.3,23.5,44.5,41.1,54.3,52.9,56.9,73.9,27.2,24.9,46.8,51.8,
MET,3.2,5.2,4.4,2.3,2.5,3.4,3.4,4.3,2.2,3.5,4,3,8.2,2.7,1,2.3,1.4,2.3,
MET,2.8,4.9,6.4,6.1,10.9,14,2.6,6.7,4.8,4.4,8.1,5.3,10.7,10.6,6,5.4,8.8,8,
KRT20,4.6,7,12.3,15.7,18.9,12.6,13,9.5,14.7,13.7,7.1,11.1,8.1,9.9,8.2,11.9,9.7,12.2,
GSN,15.2,15.4,26.5,18.7,16.4,17.3,18.3,13.7,11.3,8.8,28.2,21.8,16.7,24.1,17.8,15.8,26.2,10.7,
ERBB4,2,4.8,0.3,1.1,0.2,0.5,2.2,0.2,0.1,1.2,1.4,1.2,1,0.7,0.4,2.5,1.8,4.5,
PTPRJ,25.4,20.3,23.9,22.2,20.4,22.8,20.6,18.6,13,15.6,16.7,21.4,22.8,18.2,21.6,13.5,19.9,19.6,
KRAS,483.8,555.2,462.4,497.2,331.7,363.2,580.8,523.3,540.8,491.1,481.5,486.5,349.9,350.9,507.6,514.8,509.8,541.6,
NAT1,350.6,345.7,291.8,269.4,225.5,252.6,369.2,396.7,390.3,394.8,275.7,258.4,266.6,256.1,388.5,408.3,434.1,451.7,
FN1,12.9,14.2,14.8,11.6,8.8,13.7,6.4,8.2,13.8,10,9.6,7.6,10.1,11.3,5.7,10.2,10.2,11.4,
FN1,3.6,3.6,6.8,5.5,2.7,3.6,2.4,5.1,3.5,3.4,6.6,5.2,5.7,5.6,4.9,3.5,4.6,6,
PLAUR,210.7,211.4,354.3,291.7,480.7,424.7,172.6,152.8,277.7,294.3,329.3,302.7,411.2,469.8,180.6,204.1,238.1,217.6,
BCL2L1,173.9,176.4,275.1,227.2,176.7,160.5,149.1,135.9,147.6,169.7,189.2,180.4,207,159.4,106.7,97.4,101.2,98.5,
BMP6,4.9,2.8,8,2.8,0.7,0.2,0.7,1.8,0.9,2.9,1,3.2,3.2,1.9,0.2,5.7,1.4,2.5,
UMPS,924.3,887.3,942.4,1074.7,1063,1095.9,918.9,981.9,855.5,866.7,982.1,940.1,937.2,975.9,904.1,920.2,695.9,693.1,
OGG1,1.7,8.6,6.2,6.8,4.7,8.5,13.5,7.6,2.9,6.4,1.5,1.9,0.8,5.7,5.1,6.1,5.8,10,
SULT1A1,490.9,467.3,431.2,405.6,308.8,309.3,425.6,402.4,592.7,603.2,419.3,404.7,337,327.7,456.8,503.1,502.4,488.8,
APC,51.8,57.3,47.1,38.5,61.3,39.7,82,54.5,61.6,70.8,47.4,61.4,47.3,62.7,73.3,63.3,93,77.5,
GSTM1,191.1,191.1,173.3,170.6,139.2,127.4,136.9,162.3,184.8,163.9,162.5,160.8,126.6,129.9,149.4,191.1,157.5,123.4,
FOLH1,7.5,9.9,4.6,5.6,5.4,2.3,5.2,3.2,5.2,1.2,5.2,0.6,1,2.3,5.5,2.6,5,4.5,
FGFR1,61,70.2,74.7,62,57.8,71.1,57.5,63.3,69,70.5,62.1,68.5,83.4,82.3,77.9,72,78.5,82.2,
BUB1,2.1,4.1,5.6,3.5,5.8,2.4,8.4,3,2.9,2,3.8,4.8,7.7,6.1,8.9,5.9,3.7,2,
BUB1,426.7,404.1,326.6,294.5,394.2,400.2,382.3,362.2,269.1,377.8,286.1,352.2,451.1,427,359.6,387.1,344.4,251.1,
AREG,3.2,0.4,3.8,1.6,1.4,0.4,1.9,1,0.3,3.7,0.7,3.7,1.5,2.2,0.3,0.9,0.4,0.3,
FLCN,7.5,7,9.9,7.7,5.6,9.5,4.6,6.6,4.4,7.7,8.8,7.6,5.6,9.4,8.4,6.4,12.5,10,
GSTA1,26.4,27,26,22.3,24.3,23.3,35.1,35,30.8,29.5,18.6,19.2,20.2,21.4,38.1,35.6,33.4,35.6,
EPHA1,8.2,11.5,14.6,5.1,6.3,10.9,8.6,9.2,14.2,3.8,9,7.7,9.7,7.9,9.2,13.8,6.1,2.2,
CYP2D6,7.1,1.9,4.2,2.1,0.8,1.1,0.8,1.9,1.6,2.5,0.7,0.8,2.1,0.8,1.1,0.6,2,2.6,
POLE,39.4,50,33.2,30.8,48.5,32.9,35.1,40.7,37.8,34.3,46,38.8,29.3,42,38.7,33.5,25.2,20,
TCF7L2,941.3,958.2,804.2,797.5,897.2,918.4,865.7,711.9,973.1,947.3,879.7,920.8,1141,1102.3,709.7,716.7,1044.1,1107.3,
TCF7L2,910.3,927.3,695.4,812.5,924.6,912.7,729.2,768,917.2,881.2,874.3,875.7,1053,1048.3,736.5,707.9,1025.2,996.7,
NF1,3.7,10,8.7,6.7,6.1,5.7,12.8,4.3,8.3,6.7,11.1,14,9.2,11.3,3.7,2.7,10.3,7.2,
EDNRA,3.5,5.9,4.1,1.5,4.9,1,7.3,2.5,6.1,5.2,4.4,2.5,4.2,0.8,4.2,5.9,4.5,7.6,
BUB1,206.2,200.5,167.2,137.5,176.2,170.5,201.2,185.5,133.5,165,147,152.7,201,198.3,139.1,163,164.5,137.2,
BUB1,25.7,43.8,52.2,34.9,50.4,39.3,68.5,42.8,34.6,32.8,46.8,56.8,53.3,53.6,46.5,42.3,46.3,35.4,
XRCC3,105,96.1,77.3,67.2,133.5,125.7,75,82.4,95.2,79.5,77.2,86.6,85.3,97.4,89.1,78.1,35.6,38.1,
FN1,515.2,461.1,425.6,461.6,374.7,391.2,458.1,407.1,320.7,345.7,421.1,462.9,440.8,401.4,498.7,401.1,564.3,515.5,
TCF7L2,544.5,540.5,424.5,365.6,479.8,485,424.2,398.2,447.8,518.2,486.1,436,618,583.2,377,353.8,590.4,633.6,
PTPN12,67.6,69,76.5,70.9,57.5,51.4,37.4,20.9,38.9,36.2,88,75.5,78.2,72.5,35.3,34.4,64,57.4,
PTPN12,50,49.6,50.2,58.1,50.1,35.9,24,23,22.1,42.9,57.9,63.7,63,50,27.2,26.5,39.4,36.3,
HNF1A,7.2,7.4,8.4,4.8,6.1,7.2,5.8,3.9,3.2,3.1,1.3,2,3.1,1.3,1.5,3.5,1.8,1.3,
APC,9.7,21.8,12.4,9.3,12.9,15,21.6,10.5,17,16.7,19.9,15.7,27.6,13.9,15.5,14.3,20,16.3,
RARB,1,0.4,3.9,1.7,0.2,0.2,0.9,1.7,0.4,0.3,0.3,0.5,0.2,0.5,0.5,0.5,0.4,0.8,
MTHFR,8.2,8,2,7.1,11,7,9.7,5.3,9.2,8.5,4.8,7.3,11.9,7.6,8.1,5.8,8.2,10,
MTHFR,7,7.2,1.3,3.9,1,5.6,7,6.7,0.9,7.9,1.5,0.6,3.9,5.6,2.9,1.7,2.8,7.1,
NF2,154.9,138.2,179.9,173.9,234.9,217.4,123.6,144.6,195.6,189.4,124,136.6,116.6,130.6,146.7,159.4,129.6,148.6,
CEACAM5,4.4,1.8,4.7,5.5,2.9,2.5,3.4,3.3,8.5,2,0.9,1.4,4.8,2.2,0.5,4.1,5,3,
CYP2D6,15.8,17.1,22,10.1,17.8,8.5,8.4,9.9,13,16.8,4.8,14.1,9.8,13,16.5,19.8,12.6,14.3,
FOLH1,2.1,1.6,3.1,4.1,2.7,0.5,3.4,2,3.6,5.6,1,0.5,0.5,3.6,0.2,3.3,3.8,4.9,
FOLH1,3.9,5.5,7.5,6.2,5.2,5.5,3.4,8.9,4.6,4,3.4,5.2,5.3,7,3.4,5.7,4.3,3.5,
TYMP,2.7,0.8,1.3,2.1,0.6,1,0.2,1,0.8,1.2,1.4,1.5,0.8,0.4,2.9,0.6,4,1,
TYMS,27.2,32.3,23.1,26,33.1,26.9,38.2,33.8,17.1,13,30.9,24.3,39.2,44.1,33.2,27.2,17.4,13.6,
TEK,0.4,0.7,0.7,2.8,1,1,1.9,2.3,3.9,0.4,2.6,2.7,0.2,0.3,0.3,5.9,0.6,0.6,
SMAD3,890.7,940.6,1350.3,1458.8,957.4,863.2,1051.7,1093.6,927.4,951.6,1425.6,1484.9,830.1,936.2,1023.8,937.2,927.4,877.9,
ACSL5,395.9,330.6,403.5,422.3,695.3,651,334.9,294.1,377.1,411.2,465.6,422.4,731.2,770.9,329.6,362,498.2,517.6,
FBXW7,145.4,132.9,161.6,149.4,123.8,123.6,131.1,113.9,201.7,157.1,142.4,158.9,123.2,127.6,134.1,134.8,121.3,117.4,
GALNT12,329.6,358.9,293,293,271.9,290,355.2,303.2,300.8,286.3,277,279.4,294.2,277.4,324.7,305.1,322.2,319.6,
NF2,1107.5,1159.9,1243.4,1205.8,1411.7,1442.7,1025.7,1124.1,1234.9,1262.9,1155.3,1141.8,1139.1,1169.5,1023.7,1030.1,891.8,969.7,
LYVE1,0.6,6.4,1,2.8,4.7,2.6,0.3,0.7,6.9,2.6,2.8,5.2,4.1,2.7,2.5,5.6,9.4,8.7,
RAD54B,414,438.3,264.8,260.4,457.9,438.7,402.9,373.6,265.5,313.9,274.4,269.2,451,487.8,373.3,406.3,284.2,262.8,
LYVE1,0.4,4.5,0.8,1.2,3.2,0.2,2.6,4.4,7,0.4,0.8,0.7,0.6,3.5,3.2,0.9,2.7,4.1,
NOD2,65.3,55.6,57.1,62.5,51.5,60.8,51.2,42.9,50,47.7,55.1,60.5,81.4,89.6,57.2,59.4,105.8,105,
ANTXR1,24,20.9,24,27.4,23.8,14.4,17.6,21.5,14.5,27.5,25.2,21.3,19.7,23.9,18.5,22.8,21.4,21.3,
ANTXR1,0.4,2.9,1.6,1,0.9,3.2,1.2,1.1,1,1.6,8.5,1.1,1,1.6,0.9,0.4,1,1.3,
DLC1,9.2,7.9,12.2,7.3,11.2,15.1,10.9,9,12,10.8,14.3,10.2,8.7,12.3,11.6,11.8,9.5,9.9,
DLC1,8,9.7,26.2,16.2,25.4,15.9,12.9,11.1,10,11.8,20.3,44.7,15.5,17.9,11.5,3,13.9,5.8,
DUSP21,0.3,5.2,2.5,0.4,0.5,0.5,1.9,1.7,0.6,0.2,0.7,2.1,3.5,0.5,0.2,5.3,0.6,4.4,
RAD54B,35.1,35.6,40.2,35.6,26.4,20.3,36.8,36.3,11.1,14,31.3,28.8,21.9,18.9,30.2,33.1,12.7,13.4,
DNMT3B,69.5,65.7,81.5,40.9,63,54.5,94.8,85.3,47.2,60,72.9,39.7,63,66.8,64.2,82.6,50.2,60.6,
TCEB3B,9.1,6.6,7.2,4.9,4.5,6.2,3.1,6.1,7.4,6.6,3.2,5.8,7.7,6.6,4.2,7.5,6,5,
TLR4,237.1,233.7,275.1,280,368.8,364.9,32,28,40.3,52,310.1,394.7,457,537.7,37.1,33.5,182.2,149,
UGT1A7,0.7,0.4,0.9,0.7,0.7,0.3,2.3,0.4,0.7,0.3,2.9,2.3,0.2,0.3,0.4,0.5,0.3,0.6,
UGT1A9,1.3,0.9,0.5,1,1.2,0.4,2.3,0.4,3.8,2,2.3,1.1,2.5,0.2,0.3,0.3,2,2.3,
TAS2R13,0.5,0.7,1.6,1.6,2.7,4.5,1.4,0.3,2,2.2,0.7,1.7,0.3,0.4,2.7,1.3,0.2,6.1,
BOK,7.4,5.4,11,3.6,3.4,3.1,2.2,0.7,5.9,6.9,6.3,3.7,5.5,5.3,6.6,3.7,5.1,8.3,
LEF1,12.5,19.3,18.2,11.4,12.1,14.3,8.9,12.8,19,12.8,17.8,17.5,19.3,20.3,7.9,15.3,21.5,17.2,
LEF1,1494.4,1392.5,1243.5,1377.5,1517.8,1444.2,1398.3,1459.4,1143.1,1217.5,1537.8,1443.2,1877.9,1724.4,1602.8,1506.5,1675.2,1714.2,
GDF15,5.4,1.9,0.8,4.7,2.6,0.7,2.5,1.7,1,1.2,2.5,0.7,4.8,1.3,5.2,3.5,2.5,2.5,
GDF15,24.4,26.7,15.3,18.9,10.5,12.4,23.4,39.5,27.8,28.7,17.7,17,18.7,14.7,29.9,33.3,26.2,27.3,
WNT6,63.5,41.5,50.3,49.3,23.1,32.1,70.5,75.9,87,98.8,36.3,34.4,24.8,21.6,73.8,101.1,79.8,60.7,
WNT6,214.2,205.9,226.1,169.9,104.3,103.5,401.5,440.5,471.5,490,171.5,169.9,113.3,103.2,377.7,367.3,356.3,438.2,
PYCARD,110.4,136.5,65.2,93.2,87.7,98.6,99.9,86.4,173.3,187.6,93.5,73.2,94.3,100.2,98.1,122.4,162.8,131.7,
CDS1,7.4,5.4,5.7,4.4,6.7,5.1,4.1,9.6,5.5,8.5,5.3,9.3,11.5,8.8,7.2,4.6,6.5,5.7,
WNT6,134.5,128.7,112.6,104.4,60.2,51.9,233.2,247.2,373.5,283.3,113,113.1,51.2,59.6,258.9,282,247.3,276,
CYP2E1,0.6,3.5,9.4,4.4,5.7,2,4.1,5,0.6,3.5,5.6,6.9,6.2,5.3,5.9,4.1,4.7,0.5,
FGFR1,41.2,66.2,62.3,57.3,45.1,46.1,43.5,45.9,90.8,59.1,45.9,54.4,47.1,41,38.9,50.1,67.3,62.6,
ACSL5,182.7,169.8,215.8,211.6,364.6,363.7,135,132.1,180.3,202.5,208.9,216,414.7,465.1,136.5,148.1,238.9,213.9,
AXIN2,26.9,24.9,24.9,28.4,19.5,17.7,24.6,44.2,26.5,22.8,23.4,21.7,28.3,16.7,31,23.9,23.7,33.8,
AXIN2,2708.5,2539.9,2253,2431.8,2404.3,2498.6,2795.2,3049.5,2715.7,2594.9,2309.3,2544.7,2614.1,2500.7,3003,2895.8,2587.7,2629.1,
FBXW7,91.9,91.7,119.7,120.7,106.1,102.3,126.8,94.9,47.3,80.5,134,136.3,96.4,105.2,101,80.8,106.6,108.9,
GALNT12,43.3,49.3,46.1,45.3,40.7,41.9,67.6,48.5,45.3,39.7,53.1,47.5,38.4,38.7,37.6,53.9,49.9,41.3,
SFRP2,6.6,6.6,17,7.8,6.3,5.5,8.7,9.3,6.9,11.9,8.9,5.8,7.4,12.6,5.7,9.3,9,9,
SFRP2,1.5,2.7,2.5,2.3,0.5,1.5,1.5,0.3,0.5,0.4,0.8,0.4,4.3,2.4,0.3,0.8,1.7,0.6,
BOK,56.2,39.8,78.5,68.6,55.2,51,67.4,66.8,70.4,72.6,56.6,60.2,42.2,42.7,81,79.2,39.9,36,
CTNNB1,112.6,98.7,87.2,78,76,83.4,113.3,99.8,85.3,99.2,104.1,117.9,58.6,92.2,115.6,110,136.1,80.7,
WNT10A,29,24.4,38.8,35.9,16.5,8.4,45.7,55.2,65.6,60.7,40.4,43.8,16.1,14.9,64.8,55.9,61.2,62.3,
AXIN2,174.8,127.8,110.1,111.7,108.5,116.2,191.3,183.8,153.4,160.8,108,100.1,91.8,96.5,183.9,169.8,174.6,161.2,
TLR4,65.4,64.6,109.3,88.4,95.2,122.3,19.4,12.5,14.8,22.5,93,89.6,136.5,156.1,18.9,15.8,57.9,59.7,
AXIN2,15,20.6,13.9,14.9,23.3,6.3,29.5,20.9,22.8,21.7,11.2,14.3,19.6,15.2,23.5,23.4,25.4,23.6,
ANTXR1,358.1,396.1,371.3,339.8,267.9,276.9,316.9,317.9,313.6,296.4,342.4,350.5,285.9,261.8,307.8,313.3,407,402.8,
TGFBR1,1396.2,1397.5,1543.8,1599.4,1175.3,1242.9,1448.3,1747.4,1391.8,1354,1567.8,1657.2,1383,1259.9,1631.3,1555.4,1480.3,1401.7,
DLC1,377.3,428.4,634.8,636.5,751,697.4,216.4,181.2,213.7,232.3,571.3,567.9,548.7,582,169.7,154.2,219.7,216.7,
NRAS,1194.7,1176.5,1416.5,1475,1127.6,1111.1,1355.3,1426.1,978,1082.8,1499,1449.3,1249.9,1088.6,1406.4,1254.1,1270.9,1323.2,
EGFR,364,428.5,795.3,758.7,618.7,643.5,376.7,373.8,519,485.5,714.5,813.7,612,649.7,434.9,368.6,451.5,466.2,
IGF1R,469.4,573.6,449.1,394.7,366.7,390,353.2,297.1,326.7,295.9,396.6,446.9,331.3,344,357.1,297.3,318.1,319.9,
POMGNT2,202.7,196,189.8,182.5,157.5,198.5,193.5,163.8,184.7,224.8,144.8,192.7,162.9,170.6,176.6,222.4,155.9,162.6,
CDS1,178.7,142.8,139.6,135.7,137.5,147.5,184.2,169.5,226.8,205.4,140.1,130.8,160.6,173.2,169.7,159.1,226.2,190.9,
CDS1,134.7,134.8,122,110.9,149.6,140.6,156.4,151.9,215.3,206.5,136,141.3,138.5,179,158.8,178.4,201.3,188,
MCC,349.7,399.7,535.4,519.8,360.7,396.2,336.5,319,323.6,325,536.3,555.6,503.9,458.1,329.3,314.7,607.3,617.2,
SMAD2,366.3,373.5,382.9,432.5,345.3,330,412.6,447.7,325.7,349.8,431.1,414.8,339.9,326.3,479.9,384.5,398.8,344.6,
FGFR1,382.7,377.5,432,399.5,425.9,385,381,365.8,423.7,424.6,466.1,436.7,302.9,352.9,397.2,384.4,436.1,409.9,
MTHFR,13.2,12.1,6,8,6.9,5.9,10,9.9,6.2,13.1,6,7.4,8.1,6.2,12.2,8.2,20.2,16.3,
PTPRJ,954.9,1000.6,673.5,744.4,751.7,782.3,504.8,379.6,524.9,604.5,684.8,791.7,888.2,955.4,434.1,426.6,835.4,750.7,
AIMP1,486.7,572.2,595.9,577.6,585,536.4,628.5,632.5,554.7,543,567.8,581.9,534.3,514.8,630.7,649.1,547.8,563.7,
ANTXR1,59.1,62.2,64.8,58.9,78.7,76.5,60.3,53.2,80,91.1,58.7,49.3,52.4,64.2,60.6,58.8,78.4,70.1,
GSN,33.8,38.8,44.3,37,25.5,26.1,45.1,29,38.3,39.7,41,55.8,51.2,39.4,48.3,35.6,70.9,48.3,
GSN,16.9,16.3,16.7,18.3,21.5,9.3,15.2,12.1,9.1,19,20.7,16.5,31.4,18.4,13.8,20,25.1,17.7,
ERCC1,857.1,1010.2,1008.7,983.3,921.6,952,914.2,831.1,898.6,856.4,1048.7,1007.9,1091.5,1130.3,872,903.6,821.7,790.9,
TKT,34.9,19.4,45.9,27.6,49.8,36.8,28.1,27,39.8,37.4,37.3,30.5,37.2,38.9,23.8,36.9,32.2,22.6,
GUCY1A2,2.6,3.7,1.9,1.1,1.7,0.5,3.8,1,3.4,1.4,0.4,2.1,1.9,0.2,3.2,1.9,2.5,1.9,
WNT10A,36.6,44.6,60.8,46.1,23.6,19.4,54.7,67,77,63,44.5,43.1,25.9,23.5,67.8,72.8,88.7,95.5,
COL11A1,1.2,0.7,1.9,2.4,0.1,0.3,0.2,0.9,0.2,0.2,0.5,0.1,0.2,1.4,0.2,2.1,0.1,0.1,
FBXW7,375.3,438.2,600.9,549.6,467.4,466.9,428.1,420.3,384.3,363.8,580,595.2,466.7,438.5,411.8,408.5,457.2,465.8,
COX5A,167.5,144.3,162,166.8,176.9,178.5,138.7,150.3,156.1,141.2,137.3,161.8,159.9,168,152.5,151.7,150.2,155.6,
GDF15,44.4,42,25.2,25.8,16.9,7.5,46.2,44.4,37.3,51.5,33.6,18,29.1,23.8,51.8,64.1,36.2,43,
HOXB13,25,17.4,16.4,8.8,11.7,16.4,16.1,17.5,26.1,23.1,8.7,10.6,12.2,14.5,21.2,20.4,23.7,22.4,
AMER2,1.8,0.1,4.8,2.3,0.1,2.2,1.5,4.3,2,0.6,1,2,1.5,1.8,2.1,3.9,0.3,0.9,
ADAT3,37.8,35.3,26.1,28.2,28.9,35.9,28.5,28.8,30.8,29,25.5,24.5,28.4,23.1,24.5,26.5,29.1,32.9,
GUCY1A2,7.2,4.3,4.5,3.4,6.3,3.2,5.8,3.4,4.8,8.2,3.3,6.4,5.3,6.1,3,7.7,4.4,5,
FGFR2,10.2,9.3,17,6.6,16.2,2.9,14.7,11.1,10.2,14.2,12.3,6.4,8.7,15.7,2.5,10.9,10.1,19.6,
TTLL3,1.3,1.8,1.2,0.7,0.6,0.7,7,0.9,0.9,1.2,0.4,0.7,1.7,1.8,8.9,2,1.8,1.6,
TTLL3,2.8,8.9,8.7,10.1,8.4,6.3,10.7,5.7,8.6,11.2,9,12.8,6.5,4.9,10.6,15.1,13.9,17.9,
BCL2L1,21,19.9,21.2,16,9.6,11.4,16,8.2,12.8,16.1,17.1,21,18.2,14.8,14.4,15.7,11.5,7.1,
FABP1,1.2,0.7,1.5,1.2,1,3.6,3.2,1.1,0.5,1,1.1,1.1,0.8,1.2,0.9,0.6,0.9,0.7,
PCDHB15,0.4,1.7,2.2,2.4,1.3,0.8,3.6,1.7,0.9,0.3,2.4,0.2,0.2,1.8,3.1,0.8,2.2,3.7,
PIK3CA,18.9,16.5,24.3,18.5,9.7,13.9,11.2,19.7,18.3,13.4,19.6,18.3,14.2,22.4,8.3,15.9,26.4,21.9,
TLR4,69.9,89.4,129,114,146.4,101.9,14.5,13.5,44.6,21.8,145.7,118.2,169.9,174.6,16.1,13.4,58.1,71.8,
GSTT1,9.8,16.1,13.7,9.4,11.1,8.6,12.1,11.8,16.9,21,11.4,14.4,13.2,9,12.9,14.9,18.7,17.3,
DSEL,5,3.8,3.8,5.3,2.2,0.2,4.4,2.9,4.2,4.5,5.2,3.6,3.6,2.9,4.7,2.3,10.2,6.3,
UGT1A6,2.3,2.6,2.1,2,4,4.1,0.4,1.2,0.9,0.5,2.5,3.7,0.6,4.2,0.1,1.9,0.3,1.1,
DSEL,0.4,1.3,0.1,0.7,0.7,0.1,0.5,0.2,0.3,0.1,0.4,0.8,2.8,0.1,0.4,0.2,0.2,0.3,
ERBB4,0.8,0.5,3.7,0.3,0.3,0.5,0.6,0.7,0.7,0.2,0.4,0.4,1,0.5,0.5,0.8,0.3,0.3,
ERBB4,5.6,0.6,3.9,2.5,0.4,2.3,2.4,5.4,4.2,3.5,3.8,0.7,0.4,3.8,1.1,2.4,2.2,2.9,
GSN,2,0.3,4.9,0.4,0.3,0.4,0.4,0.7,2.8,0.3,1.8,3.3,2.8,0.8,1,0.5,0.2,2.9,
ANTXR1,8.2,10.8,12.5,6.3,5.1,1.5,6.2,3.7,13.2,6.3,6.6,10.2,11,8.4,8.1,9.3,9.9,10.1,
GSN,3,1.2,4.5,0.5,3.7,1,5,1.3,4.8,6.1,2.7,6.6,0.9,1,2.3,3.8,5.8,4.8,
CCKBR,0.5,0.8,4,0.4,1.1,0.6,0.6,5.8,0.9,0.6,0.2,0.2,4.9,0.5,2.7,1.7,0.8,0.8,
ANTXR1,7.1,2,9.4,7.3,12.3,7.9,3.6,6.6,4.8,7.2,1.5,3,8.1,6.7,13.7,6,3.6,11.9,
RUNX3,2.6,7.5,3.2,1.7,2.4,2.9,8,5.1,2.9,2.7,2.4,2.2,1.9,13.5,6.4,2.7,1.9,2.4,
FLCN,31,4.6,3.4,4.1,16.2,14.1,5.5,13,15.6,21.9,2.8,3.2,5.2,10.6,3.1,8.2,13.2,6.6,
AMER2,1.4,2.6,3.5,2.2,1.3,1.9,0.3,0.9,1,3.5,1.5,1.7,2.2,0.4,1.4,1.7,0.2,2.1,
AIMP1,61,74,60,46.2,62.8,52.5,75.1,62.8,69.6,70,50.5,60,79.8,76.2,64.5,69.7,81.1,83.8,
SMAD2,77.2,86.1,85.8,83.9,63.5,63.4,95.8,76.2,47.3,59.9,100.2,95,81.4,69.7,66.2,61,91.7,88,
SMAD4,13.5,11.6,10,9.4,9.9,7.4,13.4,7.4,17.3,14.6,3.2,9.8,12.7,11,10.7,10.8,18.7,18.8,
GSTM3,1.2,5.3,4.4,1.8,4.4,3.5,3.7,1.8,3.3,3.9,4.2,0.6,4.4,2.4,6,2.3,3,5.1,
MMP11,0.8,0.9,1.4,0.8,0.7,1,0.9,0.7,1.2,0.8,1.6,0.6,0.8,2,1.2,1.1,0.8,1.3,
PIK3CA,119.4,152,140.9,168.9,88.1,120.8,141.6,138,89.7,86.1,161.3,140.2,142.9,126.3,130.2,101,119.2,116.8,
ANGPT2,0.5,1,3,0.6,0.7,0.3,0.2,1.5,0.3,0.4,0.4,0.8,1.6,2.5,0.9,0.3,0.2,0.4,
TCF7L2,4,1.2,0.6,3.5,4.7,2.8,5.4,0.6,5.3,4.4,1.5,1.2,3.5,4.9,2.6,1.6,10.1,4.6,
GUCY1A2,1.3,1.4,2.7,2.5,1,1.2,0.3,1.6,1,0.1,0.3,1.3,2.2,1.6,3.5,1.6,2,0.3,
BRAF,112.2,150.6,157.2,169,128.6,117.3,128.1,109.5,146.7,144.5,168.1,141.4,136,115.7,105.5,127.1,165.9,162.7,
TGFBR1,7.6,1.2,16.7,8.9,8.1,1,25.7,12.6,9.3,10.6,8.6,24.8,1.3,6.4,26.3,7.2,16.3,10.6,
CD46,3.3,5.3,5.2,3.1,2.3,3.9,5.5,0.2,2.3,1,6.4,3.2,2.9,4.2,2.8,5.6,2.6,6.5,
ANGPT2,0.6,1.2,2.2,0.7,2.9,1.1,2.2,0.2,0.6,0.6,0.6,3.5,1.2,0.7,1.2,3.6,4.3,2.9,
PHKB,117.4,137.5,111.6,117.8,107.5,101.6,133.6,117.4,130.8,155.9,107.7,103.6,90.7,85,107.3,121.1,182.2,185.6,
NF2,42,49.4,62.5,48.3,62,56.1,48.7,41.5,24.6,34.1,56.7,45.5,56.1,54.7,35,45.6,34.2,40.9,
DCC,2.2,2.8,3,1.6,0.7,4.1,1.8,5.9,3.9,3.3,2.8,0.2,0.7,2.5,2.2,2.4,5.7,4.4,
SULT1A1,3.6,7.4,10.3,4.7,9.2,15.1,7.3,6,5.6,15.5,7.7,10,5,8,10.7,7.8,6.9,4.8,
MTHFR,47.4,62.3,46,48.1,23.7,25.3,40.8,40.1,78.3,77.5,44.8,41.4,35.4,34.6,52.6,59.6,84.5,98.4,
SMAD2,2,4.5,11.4,5.4,4.5,7.2,8.1,5,5.3,4.7,4.4,8.6,7.7,8,5.6,8.8,3.8,8.3,
UMPS,53.1,64.2,44.1,46,41.7,34.5,41.3,41.4,45.1,26.8,54.9,53.7,43.3,42.8,42.6,38.7,38.5,36.5,
MSH6,41.6,39.8,48.4,42.8,55.7,34,55.4,45.3,39.5,40.7,55.2,47.8,42.4,52.7,51.4,46.4,49.9,38.9,
FGFR2,0.9,0.5,0.4,0.5,0.5,3.6,5.1,4.2,3.9,0.7,0.5,0.2,0.8,0.6,0.5,0.6,0.6,1.2,
BMP6,4.8,3.1,7.1,3.5,2.3,3.9,6.4,4.2,4.2,4.9,0.9,4.3,4.7,3.7,1,6,3.7,2.5,
SLC16A7,3.3,2.3,5.5,3.2,2.5,1.7,1.6,4.8,1.9,1.7,2.9,4.8,1.2,0.9,3.8,4.1,3.3,2,
XDH,10.5,10.6,12.1,19.3,20.4,22.9,11.3,7.7,10.3,9.7,15,9.5,19.3,21.2,11.8,9.3,16.6,18.7,
PHKB,0.2,1.8,6.2,0.1,0.3,1.1,5,2.1,0.3,0.3,0.9,1.4,0.4,0.4,1.1,0.1,4.9,4.2,
GUCY1A2,0.3,1.9,1.8,0.4,1.6,0.7,1,2,1.3,0.3,0.2,0.1,2,0.1,1.3,0.8,2.2,0.2,
MRE11A,46.7,37.4,30,37.1,22.1,20,28.7,34,18.8,18.5,38.3,31.9,21.3,25.4,32.1,45.2,16.5,18.4,
DLC1,5.2,3.9,4.5,3.9,2.8,4.1,3.7,4.4,3.4,2.5,4.8,6.3,4,3.9,8.2,2.6,4.6,2.1,
DCC,5.8,1.8,0.8,4.7,0.9,4.7,3.4,0.7,4.5,0.6,4.4,1.4,2,8.7,3.7,8,3.4,5.2,
FLCN,4.1,3,4.5,3.1,6.2,6,1.8,1.7,7.1,1.2,2.8,0.8,5,1.4,1.7,1.6,4.7,3,
IGF1R,23.1,39.9,25.3,19.1,20.5,8.4,19.2,16,7.6,7.5,31.3,23.9,20.4,13.9,18.9,13.1,14,11.4,
NF1,22.5,26.2,21.7,16.6,25.8,23.4,22.6,21.1,24,17.3,19.3,27.1,26.2,30.3,24,17.9,33.8,33.9,
BRAF,87,79.9,127.2,127.3,65.4,57.5,109.9,108.4,104.6,86.5,102.7,103.6,56.2,62.2,101.2,111,73,79.8,
FLCN,0.9,1.9,1.7,2.1,1.8,1,1.9,1.7,1.9,2.7,4.1,4.2,2.1,8.4,7.6,1,1,2.3,
DSEL,8.5,5.4,4.1,4.2,6.1,6.2,5.2,6.6,3.4,3.7,4.6,6.1,4.8,5.1,0.5,6.3,4.5,5.4,
PPARD,948.5,1021.6,1101.4,1098.4,986.6,1047.9,770.4,786.4,821,755.5,1145.2,1208.1,1095.6,1053.3,823,726.5,892.4,935.7,
COL11A1,4.1,0.5,0.5,0.2,0.3,0.4,1.9,0.3,0.2,0.6,2.1,0.3,0.8,1.8,0.4,0.3,0.3,0.5,
WNT6,26.6,26.8,21.3,17.4,18,16.5,47.3,58.7,73.7,62.3,24.4,21.1,17.6,17.4,58.9,52.4,50.7,54.2,
STAT1,1245.2,1281.7,1308.7,1332.7,1293.7,1281.1,1077.4,1236,1376.6,1253,1296.9,1366.9,1329.7,1308.7,1226.5,1224,1225.8,1250,
STAT1,292.9,296.5,308.6,292,258.2,246.5,272.5,258.7,354.6,307.3,291.6,281.4,282.9,312.4,268.2,293.8,302.3,255.2,
STAT1,57.7,50.7,47.9,42.2,45.7,42.3,44.8,39.5,44.5,56.7,53.3,51.2,61.1,51.5,50.5,41.4,48.7,37.3,
STAT1,177.2,175.1,199.5,177.2,170.5,187,158.5,154.7,192,168.2,159.2,186.8,198.5,191,150.5,163,187.9,177.7,
